name,version
5nine Manager,9.4
InstallShield Express,2018 24.0.464
Foxit Reader,7.3.4.0311
SyncBack,8.5.122.0
Foxit Reader,8.2.1.6871
InstallShield Professional,2018 24.0.464
InstallShield Premier,2018 24.0.464
Wunderlist RT,windows store app
Foxit Reader,7.3.0.0118
WinRAR,5.7
Free Download Manager,5.1.37 build 7302
Free Download Manager,5.1.8 build 7312
Franz,5.0.0 beta .18
Free Download Manager,5.1.11 build 3817
Free Download Manager,5.1.37
Free Download Manager,5.1.38
WinMerge,2.14.0
Free Download Manager,3.9.7 build 1627
Free Download Manager,5.1.22
Free Download Manager,5.1.24
Freeplane,1.7.6
3DMark,2.3.3663
G Data Antivirus,2018
3DMark,2.3.3693
G Data Internet Security,2018
Thunderbird,60.5.0
Mozy,2.36.5
FreeFileSync,10.9
G Data Internet Security,2019
Mylio,3.5.5815
Debut Video Capture,5.12 beta
VideoPad Video Editor,7.01
ExtractNow,4.8.3
VideoPad Video Editor,7.03
PC Control Utility Pro,1.32.0
Virtual Remote Tool,1.36
Gajim,1.1.0
Virtual Remote Tool,2.2
Virtual Remote Tool,2.23
Virtual Remote Tool,1.33
Q-Dir,7.43.0
Q-Dir,7.46.0
Neo4j Community,3.5.12
Nero BackItUp,22.0.00400
Nero Burning ROM,2020
Abylon BASIC,18.10.3
ABBYY FineReader Professional,14
abylon BASIC,17.60.1
abylon SHAREDDRIVE,18.10.3
abylon CRYPTDRIVE,18.10.3
AccuPOS Point of Sale,2017
Acronis Disk Director,12
Asphalt 8: Airborne,windows store app
Acronis True Image,2017
ActivePerl,5.24.0.2401
Blackshot,2018.7.19.1120
Commvault Data Platform,11.80.12
Nero,2019
VM Backup & Recovery,11.80.120
ActivePerl,5.26.0.2600
ActivePerl,5.26.1.2601
Netsparker,4.8.0.13588
Security Task Manager,2.3
Watch NFL Network RT,windows store app
Nitro Pro,12.1.0.195
Netsparker,4.8.1.14104
Garena Plus,2.0.1806.2114
Xshell,5 build 0896
Nitro Pro,12.9.1.474
Nitro Pro,10.5.8.44
Nitro Reader,5.5.9.2
Nitro Reader,5.5.6.21
GeoGebra RT,windows store app
Despicable Me: Minion Rush RT,3.9.0.11
Node.js,10.16.1
GeoGebra,5.0.477.0
Windows Defender,1.305.2636.0
Windows Defender,1.307.577.0
Windows Defender,1.307.158.0
GeoGebra,5.0.479.0
Windows Defender,1.307.98.0
GeoGebra,5.0.546.0
GeoGebra,5.0.526.0
Windows Defender,1.307.625.0
Node.js,8.11.3
GeoGebra,6.0.481.0
GeoGebra,6.0.523.0
Gadu-Gadu,12.34.4460.6850
Nomadesk,8.2.2
Nomadesk,8.0.8
peazip,6.3.1
Cooking Fever RT,windows store app
PeaZip,6.4.0
ConsignO Desktop,3.7
ConsignO Desktop,3.7.2
Microsoft Security Essentials,4.10.209.0
NTLite Free,1.1.0 build 3850
NTI Media Maker Express,9.0.1.9103
NTLite Free,1.8.0.6717 beta
NTLite Free,1.8.0.6703 beta
NTLite Free,1.9.0.7165 beta
NTLite Free,1.9.0.7120 beta
NTLite Free,1.8.0.6760 beta
NTLite Free,1.9.0.7215 beta
NTLite Free,1.9.0.7180 beta
Microsoft Solitaire Collection RT,windows store app
NTLite Free,1.9.0.7217 beta
Nuance Power PDF Advanced,3
Git for Windows,2.12.0
NTLite Free,1.9.0.7230 beta
Git for Windows,2.12.1
Git for Windows,2.12.2
NonVisual Desktop Access,2018.2.1
NonVisual Desktop Access,2018.4.0
Microsoft SQL Server,2017
GeForce Driver,344.16
GeForce Experience,2.10.2.40
git for windows,2.6.3
Adobe Animate,cc (2017.1)
Adobe Animate,cc (2017)
Git for Windows,2.7.2
Git for Windows,2.7.1
GeForce Experience,3.17.0.126
Git for Windows,2.7.4
Git for Windows,2.7.3
Git for Windows,2.8.0
Git for Windows,2.8.1
Microsoft SQL Server,2014 sp1
GeForce Experience,3.19.0.107
GeForce Experience,3.19.0.94
GitHub,1.6.2
Adobe Animate,cc (2018)
NVIDIA Tesla Driver,377.35
GitHub,3.0.17
GeForce Experience,3.20.0.105
Microsoft SQL Server,2016 sp1
MySQL,2016
Microsoft Sticky Notes RT,windows store app
Microsoft Sudoku RT,windows store app
Microsoft Sudoku,windows store app
Glary Utilities,5.103.0.126
Malware Hunter,1.74.0.660
"Microsoft To Do: Lists, Tasks & Reminders RT",windows store app
GlassWire,1.2.57 beta
GNU Octave,5.1.0
Microsoft Visio,2016
Microsoft Office,2016
Microsoft Project,2016
Microsoft Visual C++,2017
GNU Octave,5.1
Adobe Technical Communication Suite,2017
Adobe FrameMaker,2019
Alfresco Community Edition,201701
Adobe FrameMaker,2017
Alfresco Community Edition,201704
Alfresco Community Edition,201702
Alfresco Community Edition,5.0.e
Alfresco Community Edition,201512-ea
Alfresco Community Edition,201602-ea
Alfresco Community Edition,201602
Alfresco Community Edition,201605
Alfresco Community Edition,201606-ea
Alfresco Community Edition,201612
Alfresco Community Edition,201609-ea
XAMPP,5.6.19
XAMPP,5.6.20
Alfresco Community Edition,201611-ea
XAMPP,7.2.8
iCloud RT,windows store app
Fusion 360,2.0.5688
SketchBook,8.6.0
Android NDK,r19
Bitser,1.4
Driver Magician,5.21
Freemake Video Converter,4.1.9.3
iExplorer,3.9.0.0
Nero MediaHome,17.0.00500
MediaPortal,1.14.0
doPDF,8.5.939
Android NDK,r19c
Android NDK,r20
Android Studio,2.3.1
Android NDK,r20b
Copernic Desktop Search,7.0.2.11876
Android Studio,3.4.1
Android Studio,3.4.2
PowerDirector,14
Android Studio,3.5 beta 5
Android Studio,3.5.3
Chrome Cleanup Tool,11.73.1
Chrome Cleanup Tool,16.90.0
Chrome Cleanup Tool,16.92.2
Drive File Stream,29.1
Go,1.11 beta 2
Paint.NET,4.0.8
Disney+ RT,windows store app
Sandra Lite,2016 (22.12)
Go,1.11 beta 3
Paint.NET,4.0.9
Freemake Video Converter,4.1.9
iExplorer,3.8.7.0
iExplorer,3.8.6.0
Sandra Lite,2016 (22.10)
Go,1.12
Scilab,6.0.1
Go,1.12 rc 1
Scilab,6.0.2
EaseUS Todo Backup Free,9.1
Free YouTube Downloader,4.1.448
Free YouTube Downloader,4.1.465
Free YouTube Downloader,4.1.477
MySQL Workbench,6.3.5
MySQL Workbench,6.3.6
VIPRE Internet Security,2016
iExplorer,3.9.3.0
Database Performance Analyzer,11.1
Freemake Video Converter,4.1.7.3
Xtreme Download Manager,7.2.7
GIMP,2.10.12
Trend Micro Case Diagnostic Tool,2.6
GoodSync,9.9.45.8
GoodSync,9.9.45
Google Drive,1.29.1862.0513
Google Cloud Printer,1.3.29.5
GoodSync,9.9.45.9
Google Web Designer,4.1.0.0711
Google Photos,1.1.2.16
Google Web Designer,4.2.0.0802
Google Web Designer,5.0.4.0226
Greenfoot,3.0.2
GOM Player,2.3.13.5269
Greenfoot,3.0.2a
HandBrake,1.0.1
ePub Reader for Windows,5.4
Hansoft,10.0022
Hansoft,10.0045
Hansoft,10.0016
Hansoft,10.0046
Hansoft,9.101
Hansoft,9.1013
Hansoft,9.1019
Hansoft,9.1026
Nylas Mail,2.0.32
Vagrant,2.2.4
Adobe Acrobat Pro,dc
O&O SafeErase Professional,12.10 build 216
OBS Studio,23.0.1
AVS Media Player,4.3.1.114
AVS DVD Copy,4.1.2.283
AVS Video Editor,7.2.1.269
Speedtest by Ookla RT,windows store app
Signal,1.14.30
Signal,1.14.40
Microsoft Visual Studio Code,1.25
Signal,1.14.10
Xbox Accessories RT,windows store app
Your Phone RT,windows store app
Strawberry Perl,5.28.0.1
AutoMate,11.0.6
Microsoft Visual Studio Community,2019 16.0.4
Microsoft Visual Studio Enterprise,2019 16.0.4
Signal,1.15.40
Microsoft Visual Studio Community,2019 16.1.0
Microsoft Visual Studio Community,2019 16.1.1
Microsoft Visual Studio Community,2019 16.1.2
Microsoft Visual Studio Community,2019 16.1.3
Microsoft Visual Studio Professional,2019 16.0.4
Microsoft Visual Studio Enterprise,2019 16.1.0
Microsoft Visual Studio Community,2019 16.1.4
Microsoft Visual Studio Enterprise,2019 16.1.1
Microsoft Visual Studio Enterprise,2019 16.1.2
Microsoft Visual Studio Enterprise,2019 16.1.3
Microsoft Visual Studio Enterprise,2019 16.1.4
Microsoft Visual Studio Professional,2019 16.1.1
Microsoft Visual Studio Professional,2019 16.1.0
Microsoft Visual Studio Professional,2019 16.1.2
Microsoft Visual Studio Professional,2019 16.1.3
Microsoft Visual Studio Professional,2019 16.1.4
Microsoft Visual Studio Community,2019 16.1.5
Microsoft Visual Studio Community,2019 16.1.6
Microsoft Visual Studio Enterprise,2019 16.1.5
Microsoft Visual Studio Enterprise,2019 16.1.6
Microsoft Visual Studio Professional,2019 16.1.6
Microsoft Visual Studio Professional,2019 16.1.5
Signal,1.21.20
BigFix Server,9.5.12.68
BigFix Server,9.5.5.193
BigFix Server,9.5.6.63
DVD-Cloner,2019 16.50
OpenDrive,1.7.0.5
OpenDrive,1.7.4.35
Icecream PDF Converter,2.86
dotConnect for MySQL,8.4.583
OpenRefine,3.0 rc 1
OpenDrive,1.7.0.8
DB Optimizer,17.0.40
DBArtisan,17.0.40000
MySQL Workbench,6.3.9
IDrive RT,windows store app
UltraEdit,26
MySQL,5.7.12
IDrive,6.7.2.1
MySQL,5.7.11
iHeartRadio RT,windows store app
NetBeans,11.2
ImageMagick,7.0.8-25
ImageMagick,7.0.8-26
ImageMagick,7.0.8-27
ImageMagick,7.0.8-28
ImageMagick,7.0.8-30
ImageMagick,7.0.8-32
ImageMagick,7.0.8-31
Orbit Downloader,4.1.1.19
ImageMagick,7.0.8-44
ownCloud,2.5.0 beta1
ImageMagick,7.0.8-45
ImageMagick,7.0.8-48
ImageMagick,7.0.8-50
ImageMagick,7.0.8-51
DocuWorks,7.2.1
ImageMagick,7.0.8-52
DocuWorks,8.0.5
ImageMagick,7.0.8-54
ImageMagick,7.0.8-56
ImageMagick,7.0.8-55
Panda Free Antivirus,16.1.3
Panda Cloud Antivirus Free,16.1.2
ImageMagick,7.0.8-58
Panda Free Antivirus,16.1.1
Panda Free Antivirus,16.1.2
Panda Free Antivirus,17.0.0
Panda Internet Security,2016
ImageMagick,7.0.8-59
ImageMagick,7.0.8-60
ImageMagick,7.0.8-61
ImageMagick,7.0.8-62
ImageMagick,7.0.8-63
Panda Free Antivirus,18.0.1
ImageMagick,7.0.8-66
ImageMagick,7.0.8-67
ImageMagick,7.0.9-2
ImageMagick,7.0.9-3
ImageMagick,7.0.9-10
ImageMagick,7.0.9-5
ImageMagick,7.0.9-8
Macrium Reflect,7.1.3317
ImageMagick,7.0.9-9
ImageMagick,6.9.1-7
ImageMagick,6.9.7-1
ImageMagick,6.9.2-10
ImageMagick,6.9.3-1
ImageMagick,6.9.3-4
ImageMagick,6.9.3-5
ImageMagick,6.9.3-6
ImageMagick,6.9.3-8
ImageMagick,6.9.3-7
ImageMagick,6.9.7-10
ImageMagick,6.9.7-3
ImageMagick,6.9.7-2
ImageMagick,6.9.7-4
PDF24 Creator,7.7.0
ImageMagick,6.9.7-5
ImageMagick,6.9.7-7
Alfresco Community Edition,201707
PDF24 Creator,8.5.0
ImageMagick,6.9.7-8
PDF24 Creator,8.8.1
PDF24 Creator,8.8.0
ImageMagick,7.0.4-1
ImageMagick,7.0.4-2
PDFCreator Plus,3.5.0
PDFCreator,2.5.1
PDFCreator Plus,3.5.1
PDF24 Creator,8.8.2
PDFsam Basic,4.0.5
PDFsam Enhanced,5.0.0
PDFsam Enhanced,6.1.0
Mpxplay,3.03
Helix Core,2018.1
Adaware Antivirus Free,12.4.930.11587
Adobe Acrobat Standard DC,19.012.20040
Smilebox,1.0.0.33005
PCMedik,8.2.11.2019
IncrediMail,2.5 build 6605
PCMedik,8.12.16.2019
PCMedik,8.3.4.2019
Pickit Photo Finder RT,windows store app
PicsArt Photo Studio Collage Maker and Pic Editor RT,windows store app
ImageMagick,7.0.8-33
ImageMagick,7.0.8-43
Pika Software Builder,5.0.0.1
ImageMagick,7.0.8-53
Adobe Acrobat Standard DC,18.11.20058.27899
SecureZIP,14.40.00
ImageMagick,7.0.8-57
Adobe Illustrator,cc (2019)
Adobe After Effects,cc (2018)
Microsoft Visual Studio Professional,2019 16.2.1
Microsoft Visual Studio Enterprise,2019 16.2.1
Microsoft Visual Studio Community,2019 16.2.1
ImageMagick,7.0.9-0
ImageMagick,7.0.9-7
AnyTrans,5.5.1
Plex Media Server,1.16.4.1469
Plex Media Server,1.16.5.1488
Microsoft Visual Studio Community,2019 16.2.3
Microsoft Visual Studio Enterprise,2019 16.2.3
Microsoft Visual Studio Professional,2019 16.2.3
Plex RT,windows store app
Microsoft Visual Studio Community,2019 16.2.4
Microsoft Visual Studio Enterprise,2019 16.2.4
Microsoft Visual Studio Professional,2019 16.2.4
Zoom Player,14.4.0
Instagram RT,windows store app
Adobe Reader,2018.011.20055
Adobe Reader,2018.011.20058
Adobe Acrobat Reader DC,2018.011.20055
Intel SDK for OpenCL Applications,5.3.0.713
Intel SDK for OpenCL Applications,6.3.0.1904
Intel SDK for OpenCL Applications,6.0.0.1049
EZ CD Audio Converter Ultimate,7.1.6
EZ CD Audio Converter Ultimate,7.1.7
KNIME Analytics Platform,3.7.1
Advanced SystemCare,10.1.0.696
Advanced SystemCare,10.2.0.729
Advanced SystemCare,11.4.0.235
Advanced SystemCare,11.5.0.240
Advanced SystemCare,12.2.0.311
Advanced SystemCare,12.2.0.315
Advanced SystemCare,9.1.0.108
Advanced SystemCare,9.1.0.109
Driver Booster,3.2.0.696
Driver Booster,3.3.0.744
Advanced SystemCare,9.2.0.110
Adobe After Effects JP,cc (2019)
Driver Booster,3.3.1.749
Postbox,6.1.0
Postbox,6.1.10
Postbox,6.1.11
PostgreSQL,10.4.1
Driver Booster,6.3.0.276
IObit Malware Fighter,4.0.3.22
IObit Malware Fighter,4.0.3.18
IObit Malware Fighter,4.0.3.20
IObit Malware Fighter,4.1.0.22
IObit Malware Fighter,4.5
IObit Malware Fighter,6.6.0
IObit Uninstaller,8.0.2.19
PostgreSQL,9.1.24
IObit Uninstaller,8.3.0.14
PostgreSQL,9.5.0
PostgreSQL,9.5.2.1
PostgreSQL,9.5.2
PostgreSQL,9.5.1
Microsoft Visual Studio Community,2019 16.4.0
Microsoft Visual Studio Enterprise,2019 16.4.0
Microsoft Visual Studio Professional,2019 16.4.0
System Mechanic Free,15.5.0
iSpring Free,8.7
iSpring Pro,9.3
iSpring Free,9.7
iSpring Suite,9.7
Microsoft Visual Studio Community,2019 16.4.2
Microsoft Visual Studio Enterprise,2019 16.4.2
Microsoft Visual Studio Professional,2019 16.4.2
SlideDog,1.7.7
iSpring Suite,9.3
SlideDog,1.7.9
iSpring Suite,8.3
SlideDog,1.9.13
Microsoft Visual Studio Community,2019 16.4.3
Java SE Development Kit,8.0.2210.11
Microsoft Visual Studio Enterprise,2019 16.4.3
Microsoft Visual Studio Professional,2019 16.4.3
Auslogics BoostSpeed,11.4.0.0
ExamDiff Pro,10.0.1.18
Lucas Chess,9.08
Prezi,6.10.0
Adobe Audition JP,cc (2018)
Prezi,6.11.5
Adobe Audition,cc (2017)
IBackup RT,windows store app
IBackup,11.1.0.29
IBackup,11.1.0.37
IBackup,11.1.0.39
IBackup,11.1.0.40
ProScan,14.2
Media Center,24.0.45
ProScan,14.4
ProtonVPN,1.7.4
Psi,1.3
iExplorer,3.9.4.0
iExplorer,3.9.5.0
Java SE Development Kit,8.0.1110.14
Media Center,24.0.75
Java SE Development Kit,8.0.1210.13
Java SE Development Kit,8.0.1120.15
Syncthing,1.3.2-rc.1
JabRef,4.3.1
jAlbum,18
TreeSize Free,4.2.0
TreeSize Free,4.2.1
TreeSize Free,4.3.1
Jenkins,2.166
UltraSearch,2.12
Jenkins,2.169
Java SE Development Kit,8.0.650.17
Java SE Development Kit,8.0.660.18
Fusion 360,2.0.1557
Fusion 360,2.0.1708
Fusion 360,2.0.1703
Fusion 360,2.0.1774
Fusion 360,2.0.1791
Fusion 360,2.0.1957
Fusion 360,2.0.1980
Fusion 360,2.0.2139
Fusion 360,2.0.2088
Fusion 360,2.0.2204
Fusion 360,2.0.2267
Fusion 360,2.0.2316
Fusion 360,2.0.2320
Fusion 360,2.0.2321
Fusion 360,2.0.2377
Fusion 360,2.0.2535
Fusion 360,2.0.2455
Fusion 360,2.0.2539
CLion,1.5 eap build 144.3143.4
CLion,1.5 eap build 144.3600.8
Fusion 360,2.0.2087
CLion,1.5 eap build 144.3891.18
WebStorm,12 eap 144.4199
CLion,2016.1 eap build 145.256.37
CLion,1.5 eap build 145.184.4
WebStorm,2016.1 eap build 145.256.40
WebStorm,12 eap build 145.185
Java SE Development Kit,8.0.710.15
CLion,2016.2 eap build 162.232.8
PyCharm,2016.1.2
Java SE Development Kit,8.0.730.2
Java SE Development Kit,8.0.740.2
CLion,2018.2 build 182.3684.76
Java SE Development Kit,8.0.910.14
Java SE Development Kit,8.0.910.15
Java SE Development Kit,8.0.920.14
QGIS,3.4.5
Azure Active Directory Connect,1.1.880.0
Fusion 360,2.0.2937
Fusion 360,2.0.2938
Bing Desktop,1.3.478.0
CLion,2018.3.4 build 183.5429.37
Fresh Paint RT,windows store app
CLion,2019.1 eap build 191.5849.15
Mail and Calendar RT,windows store app
360 Total Security,8.2.0.1031
Microsoft .NET Framework,4.6.2 preview
360 Total Security,8.2.0.1034
PyCharm Community,2019.1 eap build 191.5701.26
PyCharm Professional,2019.1 eap build 191.5701.26
PyCharm Community,2019.1 eap build 191.5849.23
PyCharm Professional,2019.1 eap build 191.5849.23
Microsoft Advertising Editor for Windows,11.26.6364.19642
360 Total Security,8.2.0.1035
360 Total Security,8.2.0.1098
360 Total Security,8.2.0.1120
Microsoft Bingo RT,windows store app
Microsoft Dynamics 365 RT,windows store app
360 Total Security,9.0.0.1115
Video Editor Master RT,windows store app
WebStorm,2019.1 eap build 191.5849.24
R-Drive Image,6.2 build 6206
RadarSync,4.1.0.17132
CLion,2019.1 rc build 191.6183.49
CLion,2019.2 eap build 192.4205.36
CLion,2019.2 eap build 192.4787.12
CLion,2019.2 eap build 192.5118.29
CLion,2019.2 rc build 192.5728.70
CLion,2019.3 build 193.5233.10
CLion,2019.3 build 193.5233.103
Rainlendar Lite,2.14.2
IntelliJ IDEA Community,10.5.4
IntelliJ IDEA Community,13.0.4
IntelliJ IDEA Community,14.0.4
RapidMiner Studio,9.3.1.0
IntelliJ IDEA Community,2016.1.1 build 145.597
IntelliJ IDEA Community,2018.1.6 build 181.5540.7
Razer Cortex,9.0.74.878
iClone,6.3.2422.1
Telegram Desktop RT,windows store app
iClone,6.4.2527.1
iClone,6.41.2623.1
RedNotebook,1.12.0
Rhapsody RT,windows store app
BlackBerry Desktop Software,1.0.0.74
SugarSync RT,windows store app
PowerDirector RT,windows store app
Ring - Always Home RT,windows store app
Microsoft Exchange Server,2010 sp2
Microsoft Exchange Server,2013
Microsoft Exchange Server,2013 sp1
League of Legends JP,9.3
League of Legends,9.3
League of Legends,9.4
League of Legends,8.14
League of Legends JP,9.4
League of Legends,9.1
League of Legends,9.11
League of Legends,9.13
Microsoft Exchange Server,2016
League of Legends,9.12
League of Legends,9.14
League of Legends,9.15
League of Legends,9.17
League of Legends,9.16
League of Legends,9.18
League of Legends,9.19
League of Legends,9.2
League of Legends,9.21
League of Legends,9.23
League of Legends,9.6
League of Legends,9.7
League of Legends,9.8
BestSync,14.0.0.8
BestSync,14.0.1.3
BestSync,14.0.1.2
BestSync,14.0.1.4
BestSync,14.0.1.6
BestSync,11.0.0.2
BestSync,11.0.0.4
BestSync,11.0.1.0
BestSync,12.0.0.4
BestSync,12.0.0.7
BestSync,12.0.0.8
BestSync,12.0.0.9
BestSync,13.0.1.2
Ruby,2.5.1-2
Ruby,2.3.0
Ruby,2.6.1-1
IntelliJ IDEA Ultimate,2018.3.4
IntelliJ IDEA Community,2018.3.4
Ruby,2.2.4
PyCharm Community,2018.3.4 build 183.5429.31
PyCharm Community,2018.3.4 build 183.54291.31
PhpStorm,2018.3.4 build 183.5429.47
PyCharm Community,2018.3.4 eap build 183.5429.31
PyCharm Professional,2018.3.4 build 183.5429.31
PyCharm Professional,2018.3.4 eap build 183.5429.31
RubyMine,2018.3.3 build 183.5153.41
WebStorm,2018.3.4 build 183.5429.34
DriveImage XML,2.6
Microsoft Identity Manager,2016
Microsoft Mahjong RT,windows store app
Microsoft Messaging RT,windows store app
Microsoft Minesweeper RT,windows store app
Microsoft Minesweeper,windows store app
Paragon Backup & Recovery,10.1.25.779
Microsoft Mouse and Keyboard Center,3.2.116
Heroes of Newerth,4.7.5
Heroes of Newerth,4.2.5
IntelliJ IDEA Ultimate,2018.3.5
PyCharm Community,2018.3.5 build 183.5912.18
IntelliJ IDEA Community,2018.3.5
PyCharm Professional,2018.3.5 build 183.5912.18
RubyMine,2018.3.5 build 183.5912.16
WebStorm,2018.3.5 build 183.5912.23
Samsung Kies,3.2.16035.2
Samsung Magician Software,4.9.6
Microsoft Office 365,2019
Anaconda,2-4.1.0
Anaconda,2-4.2.0
Anaconda,4.1.1
Anaconda,2.7.1
Anaconda,2-4.3.0
Anaconda,2-4.3.1
Anaconda,2-4.4.0
Anaconda,4.0.0
IntelliJ IDEA Community,2019.1.1
IntelliJ IDEA Ultimate,2019.1.1
IntelliJ IDEA Ultimate,11.1.5
IntelliJ IDEA Ultimate,11.0.2
IntelliJ IDEA Ultimate,12.0.4
IntelliJ IDEA Ultimate,12.1.7
Anaconda,2.1.0
Anaconda,3-2.0.1
IntelliJ IDEA Ultimate,2018.2 build 182.3684.101
dotConnect for MySQL,8.5.639
IntelliJ IDEA Ultimate,2018.2.1 build 182.3991.36
Microsoft Office,2010
Microsoft Office,2013
Curl CDE,8.0.8
Microsoft Office,2019
Seavus Project Viewer,15.1.1
Pandion,2.6.114
Beyond Compare,4.2.6 build 23150
BoxCryptor RT,windows store app
Secunia PSI,3.0.0.9016
Sonic Dash RT,windows store app
OpenSSL,1.1.0h
IM+ RT,windows store app
OpenSSL,1.1.1b
FastCopy,3.63
IP Messenger,4.99r3
IP Messenger,4.99r5
GoodSync,10.10.10
GoodSync,10.10.14
Sandra Lite,2017 (24.11)
IntelliJ IDEA Ultimate,2019.2.1
Slack RT,windows store app
IntelliJ IDEA Ultimate,2019.2.2
IntelliJ IDEA Ultimate,2019.2.3
IntelliJ IDEA Ultimate,2019.2.4
IntelliJ IDEA Ultimate,4.0.3
Slack,3.2.0
IntelliJ IDEA Ultimate,5.1.2
IntelliJ IDEA Ultimate,7.0.5
IntelliJ IDEA Ultimate,8.1.4
IntelliJ IDEA Ultimate,6.0.6
IntelliJ IDEA Ultimate,9.0.4
PhpStorm,2019.1.3 build 191.7479.51
PhpStorm,2019.2 eap build 192.4205.18
PhpStorm,2019.2 eap build 192.4787.17
PhpStorm,2019.2 rc build 192.5728.76
PhpStorm,2019.3 build 193.5233.10
SlimCleaner,4.0.046
Smadav,12.6
doPDF,10.0.101
doPDF,10.0.103
doPDF,10.0.105
PyCharm Community,2019.1 eap build 191.4738.7
PyCharm Professional,2019.1 eap build 191.4738.7
RubyMine,2019.1 build 191.4212.20
RubyMine,2019.1 eap build 191.4738.18
WebStorm,2019.1 eap build 191.4738.20
PyCharm Community,2019.1 eap build 191.5109.13
PyCharm Professional,2019.1 eap build 191.5109.13
WebStorm,2019.1 eap build 191.5109.10
RubyMine,2019.1 eap build 191.5701.11
WebStorm,2019.1 eap build 191.5701.27
Database Performance Analyzer,12.1
PlanetSide 2,2018
ACID Pro,8
Vegas Pro,15
Trend Micro Maximum Security,2017
Trend Micro Premium Security,2017
Trend Micro Antivirus+ Security,2017
Trend Micro Internet Security,2017
Trend Micro Internet Security,2017 beta
Trend Micro Maximum Security,2016
Trend Micro Maximum Security,2017 beta
Trend Micro Password Manager,3.7
Trend Micro Password Manager,3.5
Trend Micro Premium Security,2016
SOS Business Cloud,6.4
SOS Business Cloud,7.5
SOS Online Backup,7.5
SOS Personal Cloud,7.5
SOS Business Cloud,7.5.1
SOS Online Backup,7.5.1
SOS Personal Cloud,7.5.1
PyCharm Community,2019.2 eap build 192.5118.37
PyCharm Community,2019.2 rc build 192.5728.77
OutdateFighter,1.1.97
PyCharm Community,2019.2 eap build 192.4787.5
PyCharm Community,2019.3 build 193.4778.18
PyCharm Community,2019.3 build 193.5096.24
PyCharm Community,2019.3 build 193.5233.62
SPAMfighter,7.6.144
XSplit Broadcaster,2.9.1701.1615
XSplit Broadcaster,3.4.1806.2229
XSplit Gamecaster,2.9.1701.1609
XSplit Gamecaster,3.3.1805.0406
Spotify,1.0.23.90
Spotify,1.0.25.127
XSplit Gamecaster,2.9.1701.1610
Spotify,1.0.47.13
Spotify,1.0.85.257
Spotify,1.0.86.337
Spotify,1.0.99.250
Spotify,1.0.87.491
Spotify,1.1.1.348
SSuite Office Premium HD+,2.38.6
InVEST,3.6.0
StarMoney,11
StarBurn,15.17
WindowBlinds,10.03
STDU Explorer,1.0.517
SteelSeries Engine 2,2.9.2014.1
SteelSeries Engine 3,3.7.2
3D-Modellbahn Studio,4.2
PyCharm Professional,2019.2 eap build 192.4787.5
PyCharm Professional,2019.2 rc build 192.5728.77
PyCharm Professional,2019.3 build 193.4778.18
PyCharm Professional,2019.3 build 193.5096.24
Sigil,0.9.10
PyCharm Professional,2019.2 eap build 192.5118.37
PyCharm Professional,2019.3 build 193.5233.62
pycharm,2016.2.3 rc build 163.7743.16
SugarSync,3.10.4
XMind,3.7.7
PyCharm,2016.3 rc build 163.7743.16
PyCharm,2017.1 eap build 171.2272.11
PyCharm,2017.1 eap 171.2014.23
PyCharm,2017.1 eap build 171.2455.3
PyCharm,2017.1 eap build 171.2613.10
PyCharm,2017.1 eap build 171.3019.3
PyCharm,2017.1 eap build 171.3224.4
PyCharm,2017.1 eap build 171.3566.25
PyCharm,2017.1 eap build 171.3691.3
PyCharm,2017.1 eap build 171.3780.17
WebStorm,2017.1 eap build 171.3566.29
CLion,2017.1 rc build 171.3780.103
PyCharm,2017.1 rc build 171.3780.47
CLion,2017.1 eap build 171.3780.24
PyCharm,2018.2 eap build 182.3569.5
PyCharm,2018.2 eap build 182.3684.6
Syncovery,8.39
Syncovery,8.58g
Syncovery,8.18e
Syncovery,8.18f
RubyMine,2018.2 beta build 182.3569.32
Syncovery,8.20a
Syncovery,8.38a
Syncovery,8.39a
Syncovery,8.38
Syncovery,8.40a
Syncovery,8.43
Syncovery,8.51a
Syncovery,8.56
Syncovery,8.57d
SUPERAntiSpyware Free Edition,6.0.1260
Syncovery,8.58b
Syncovery,8.58
SUPERAntiSpyware Professional,6.0.1260
HitmanPro,3.8.10.298
HitmanPro,3.7.12.256
Citavi,5.3.1
Telegram,1.3.10
Norton AntiVirus JP,2019
Norton AntiVirus,2015
Norton AntiVirus,2016
Norton AntiVirus,2017
RubyMine,2018.2 rc2 build 182.3684.49
SyncFolders,3.4.493
eDocSync,3
Tableau Reader,2018.2
Tableau Reader,10.1
Tableau Reader,10.2
Flock.co,1.0.0.0
Tally.ERP 9,6.4.5
Anaconda,2.4.0
Anaconda,4.1.0
Anaconda,2.4.1
RubyMine,2019.1 eap build 191.5849.30
Anaconda,2.5.0
Tally.ERP 9,6.4.6
RubyMine,2019.1 eap build 191.6014.28
Tally.ERP 9,6.4.7
RubyMine,2019.2 beta2 build 192.5728.47
RubyMine,2019.2 eap build 192.4488.24
WebStorm,2019.1 eap build 191.6014.17
RubyMine,2019.2 eap build 192.5118.34
WebStorm,12 eap 144.3891
RubyMine,2019.3 build 193.4778.10
RubyMine,2019.3 build 193.5096.21
WebStorm,12 eap build 144.3891
WebStorm,2016.1
WebStorm,2016.1.2 eap build 145.844.3
WebStorm,2017.1 eap build 171.2272.15
WebStorm,2017.1 eap build 171.2455.4
Anaconda,3-4.1.1
Anaconda,4.2.0
WebStorm,2018.1.6 build 181.5540.11
Tame,6.0f
TeamSpeak Client,3.1.0.1
TeamSpeak Server,3.6.1
WebStorm,2018.2.1 build 182.3911.37
Snagit,13.1.1.7662
Telegram,1.5.12
Sync Backups,1
TEncoder Video Converter,4.5.10
TeamDrive,4.6.2
Cygwin,3.1.4
LibreOffice,6.2.1
WebStorm,2019.2 eap build 192.4787.13
WebStorm,2019.2 eap build 192.5118.44
WebStorm,2019.3 build 193.4932.10
WebStorm,2019.3 build 193.5096.13
WebStorm,2019.3 build 193.5233.13
WebStorm,2019.3 build 193.5233.52
LibreOffice,5.1.3 rc 1
Spark,2.5.8
Operation Center,14.9
slrn,1.0.3
WebStorm,2019.3 build 193.4778.12
Sublime Text,3 build 3176
Launchy,2.5
EditPad Lite,7.6.5
EditPad Pro,7.6.4
EditPad Pro,7.6.5
Warframe,23.1.2
Docker Community Edition for Windows,2.2.0.3
Docker Community Edition for Windows,2.2.0.0
Eclipse IDE for Java Developers,4.8.0
Eclipse IDE for Java EE Developers,4.8.0
Kaspersky Anti-Virus,2016
Kaspersky Lab Products Remover,1.0.1319
Eclipse Standard,4.4
Trac,1.0.10
Elasticsearch,7.5.2
DUMo,2.17.2.86
SUMo,5.8.12.415
KDE Windows Initiative,1.1.0
Origin,10.4.2.12697
Origin,10.4.3.15631
Origin,10.4.5.30491
Origin,10.5.34.21025
Keeper Desktop App,14.9.3
Keeper Desktop App,14.9.9
Keeper Desktop App,14.2.2
KeeperChat RT,windows store app
Kingsoft Office,2016
ICU,59rc
ICU,62.1
BrightPay (Ireland),18.1
BrightPay (UK),18.5.0
EndNote,x8
Spotfire Desktop,7.5.0
Phototastic Collage RT,windows store app
Spotfire Desktop,7.6.0
TIDAL,2.1.2
PDF-XChange Viewer,2.5.317.0
PDF-XChange Viewer,2.5.320.1
Deep Security Agent,9.6
Deep Security Agent,9.6 sp1
Skype for Business,2016
Skype for Business,2017
SafeSync RT,windows store app
SecureCloud Agent,3.6
Trend Micro Endpoint Application Control Server,1
Deep Security Manager,9.6
Apache Tomcat,6.0.44
InterScan Messaging Security Suite,7.5
Trend Micro OfficeScan Server,11
Trend Micro Endpoint Application Control Agent,2
Trend Micro Endpoint Application Control Server,2.0 beta
Trend Micro Endpoint Application Control Server,2.0 rc1
Trend Micro OfficeScan Agent,11
ServerProtect for Storage,6
Trend Micro Endpoint Application Control Server,2.0 sp 1
Trend Micro Endpoint Application Control Server,2
Trend Micro Anti-Threat Toolkit,1.62
Trend Micro Antivirus+ Security,2017 beta
Microsoft OneNote RT,windows store app
Trend Micro OfficeScan Server,11.0 sp1
Trend Micro OfficeScan Server,11.0 sp1 patch 1
Trend Micro Control Manager,6.0 sp 3
Trend Micro Control Manager,6
Trend Micro Control Manager,6.1
Trend Micro Endpoint Application Control Agent,2.0 sp 1
Trend Micro OfficeScan Agent,11.0 sp1 patch 1
Trend Micro OfficeScan Server,10.6
Trend Micro Endpoint Encryption Agent,5.0 patch 4
Trend Micro Endpoint Encryption Agent,5.0 update 4 patch 1
Trend Micro Endpoint Encryption Server,5.0 patch 4
Trend Micro Endpoint Encryption Server,5.0 update 4 patch 1
Trend Micro Endpoint Encryption Server,6.0 beta
Trend Micro Endpoint Encryption Server,5
Trend Micro Endpoint Encryption Agent,6.0 beta
Qt Creator,3.6.1
Qt,5.6.0
Trend Micro OfficeScan Server,10.6 sp3 patch 1
Trend Micro Worry-Free Business Security,9.0 sp 1
Trend Micro Worry-Free Business Security,9.0 sp2
Trend Micro Worry-Free Business Security,9.0 sp3
Trend Micro Worry-Free Business Security,9
Trend Micro Vulnerability Protection Server,2
Trend Micro OfficeScan Agent,10.6
Trend Micro Internet Security,2018
Microsoft People RT,windows store app
Trend Micro Maximum Security,2018
Microsoft Power BI RT,windows store app
Trend Micro Premium Security,2018
FLV Downloader Pro,6.3.23
Krita Desktop,2.9.10.2
FLV Downloader Pro,6.9.11
FLV Downloader,6.9.11
FLV Downloader Pro,6.9.12
FLV Downloader,6.8.6
FLV Downloader,6.9.12
Sumatra PDF,3.2.1
KNIME Analytics Platform,4.0.1
LastPass,4.1.23
LastPass RT,windows store app
LastPass,4.1.40
LastPass,4.1.42
LastPass,4.1.43
Ad-Aware Free Antivirus+,12.6.1005.11662
Lazarus,1.8.4
Ad-Aware Free Antivirus+,11.10.767.8917
Microsoft Visual Studio,2015 update 2
Microsoft Visual Studio,2012 update 5
Lazarus,2.0.0
OneDrive,17.3.6743.1212
Microsoft Visual Studio,2015
OneDrive,17.3.6798.0207
OneDrive,18.091.0506.0007
OneDrive,18.131.0701.0007
OneDrive,18.111.0603.0006
OneDrive,21.225.1031.0005
Power BI Designer,2.66.5376.1681
OneDrive,21.235.1114.0001
Power BI Designer,2.66.5376.2161
OneDrive,21.175.0829.0002
Power BI Designer,2.66.5376.2521
Power BI Designer,2.73.5586.802
Power BI Designer,2.73.5586.984
Power BI Designer,2.74.5619.621
Power BI Designer,2.74.5619.841
Power BI Designer,2.74.5619.862
Power BI Designer,2.75.5649.582
Lazarus,1.6.0
Power BI Designer,2.60.5169.3201
Power BI Designer,2.42.4611.482
Power BI Designer,2.75.5649.801
SpyMe Tools,1.5
Solid State Doctor,3.1.4.2
LEAD Command Line Image File Converter,19
LEADTOOLS,19
LEADTOOLS,20
Line,5.9.0.1748
Line,5.15.0.1908
Line RT,windows store app
Line,5.9.1.1760
Line,5.9.2.1760
Lingoes,2.9.2
LogicalDOC,8.0.1
LEADTOOLS Multimedia,19
Logitech Gaming Software,9.00.42
Logitech Gaming Software,8.90.117
Logitech Gaming Software,8.83.85
SetPoint,6.68
SetPoint,6.69.114
SetPoint,6.69.123
GoToMeeting RT,windows store app
Active@ KillDisk,11.1.070
Soda PDF 3D Reader RT,windows store app
Lucas Chess,10.11
Phototheca,1.6
Phototheca,2019.11.1.2614
Mailbird,2.5.34.0
Skype for Business Server,2015
Mailbird,2.5.39.0
Mailbird,2.6.10.0
Mailbird,2.7.1.0
Mailbird,2.6.12.0
Malwarebytes Anti-Malware,3.7.1
ManyCam,6.5.0
ManyCam,6.7.0
MariaDB,10.3.8
MariaDB,10.0.20
Sticky Notes 8 RT,windows store app
MariaDB,10.0.30
MariaDB,10.3.13
MariaDB,10.0.29
MariaDB,10.1.13
MariaDB,10.1.21
MariaDB,10.1.22
MariaDB,10.2.4
Pathomx,2.5.0
Skype RT,windows store app
HWiNFO32,6.02
Skype,8.27.0.850
HWiNFO64,6.02
WinSCP,5.13.8
Skype,8.38.0.138
Skype,8.38.0.161
Skype,8.39.0.180
Skype,8.40.0.700
iDevice Manager,6.5.1.0
DSPlayer,0.889
iDevice Manager,6.6.1.0
Mercurial,4.6.2
Multi Commander,8.3.0 build 2469
Mercurial,4.7
Mercurial,4.9
Mercurial,4.9.1
Mercurial,5.1.1
Mercurial,5.1.2
Mercurial,5.2
Mercurial,5.1
Mercurial,5.2.1
Sway RT,windows store app
Mercurial,3.6.2
Mercurial,3.6.3
Mercurial,4.0.2
Mercurial,4.1
Mercurial,4.1.1
Mercurial,4.1.2
Mercurial,4.1.3
McAfee Security Scan Plus,3.11
Translator RT,windows store app
McAfee AntiVirus Plus,2019
McAfee Stinger,12.1.0.2831
Windows 10 Software Development Kit (SDK),10.1.10586.212
McAfee Stinger,12.1.0.2833
McAfee Stinger,12.1.0.2838
McAfee Stinger,12.1.0.2834
McAfee Stinger,12.1.0.2853
McAfee Stinger,12.1.0.2855
McAfee Stinger,12.1.0.3024
McAfee Stinger,12.1.0.3023
McAfee Stinger,12.1.0.3025
McAfee Stinger,12.1.0.3033
McAfee Stinger,12.1.0.3030
McAfee Stinger,12.1.0.3040
McAfee Stinger,12.1.0.3037
McAfee Stinger,12.1.0.3045
McAfee Stinger,12.1.0.2854
McAfee Stinger,12.1.0.2856
McAfee Stinger,12.1.0.3051
McAfee Stinger,12.1.0.3034
Windows Defender,1.301.1953.0
McAfee Stinger,12.1.0.3052
McAfee Stinger,12.1.0.3054
dotConnect for MySQL,8.12.1190
MediaPortal,1.20.0
Windows Defender,1.305.938.0
Medusa Pro,1.6.4
Windows Defender,1.307.327.0
Medusa Pro,1.6.5
MegaTrainer eXperience,1.3.2.1
Medusa Pro,1.7.6
Medusa Pro,1.7.5
MegaTrainer eXperience,1.3.2.4
MegaTrainer eXperience,1.3.2.5
Miranda IM,0.95.10.3
Miranda NG,0.95.10.3
MongoDB,3.6.5
MongoDB,4.0.0
MongoDB,3.0.0
MongoDB,3.2.0
MongoDB,3.2.11
MongoDB,3.0.10
MongoDB,3.2.12
MongoDB,3.2.20
MongoDB,3.4.1
MongoDB,3.4.2
Adobe Dreamweaver,cc (2019)
PyCharm Community,2020.1 build 201.3803.74
PyCharm Community,2020.1 build 201.4865.17
PyCharm Community,2020.1 build 201.5259.14
PyCharm Professional,2020.1 build 201.3803.74
PyCharm Professional,2020.1 build 201.4865.17
PyCharm Professional,2020.1 build 201.5259.14
RubyMine,2020.1 build 201.4865.8
RubyMine,2020.1 build 201.4515.22
WebStorm,2020.1 build 201.4515.27
WebStorm,2020.1 build 201.5259.16
WebStorm,2020.1 build 201.4865.2
Keeper Desktop App,16.2.1
MariaDB,10.5.12
LogicalDOC,7.4.2
Hotspot Shield Free VPN RT,windows store app
Neo4j Community,2.3.2
Neo4j Community,2.3.3
Neo4j Community,2.3.9
iTunes RT,windows store app
O&O SafeErase Professional,16.6.74
Audials Music,2022
Adobe RoboHelp,2019
Trend Micro OfficeScan Server,xg
Trend Micro OfficeScan Agent,11.0 sp1
Trend Micro OfficeScan Agent,xg
Trend Micro OfficeScan Agent,xg sp1
Trend Micro OfficeScan Server,xg sp1
Trend Micro OfficeScan Agent,12.0 beta
Trend Micro OfficeScan Server,12.0 beta
Adobe Illustrator JP,cc (2019)
Adobe InDesign JP,cc (2019)
Adobe Photoshop JP,cc (2019)
Adobe Premiere Pro JP,cc (2019)
Adobe Illustrator,cc (2017.1)
Adobe Illustrator,cc (2017)
Trend Micro OfficeScan Server,12
Trend Micro Portable Security,2.0 sp 2
Trend Micro Portable Security,2.2
Trend Micro Vulnerability Protection Agent,2.0 sp2
Trend Micro Worry-Free Business Security - Advanced,10
Trend Micro Worry-Free Business Security - Standard,10
Tresorit,3.5.1598.854
Adobe Photoshop Lightroom,cc (2019.2.4)
Uplay,66.0.5720
Uplay,82.0.5979
Uplay,83.0.5985
Ultimate++,12953
Ultimate++,12962
Ultimate++,12963
Ultimate++,12969
Ultimate++,12973
Ultimate++,12983
Ultimate++,12988
Ultimate++,12976
Ultimate++,12989
Ultimate++,12994
Ultimate++,12995
Ultimate++,12999
Ultimate++,13068
Ultimate++,13636
UltraDefrag,7.0.2
Fusion 360,2.0.4343
uniCenta oPOS,4.4.2
Fusion 360,2.0.4358
Adobe Prelude,cc (2019)
Dota 2,7.21
Dota 2,7.22f
Dota 2,7.22
Dota 2,7.22g
Dota 2,7.22h
Dota 2,7.23
Dota 2,7.23f
Steam,2.10.91.91
Steam,3.78.49.52
Steam,3.37.28.56
Steam,3.42.16.13
Steam,3.28.10.53
Steam,2.81.34.6
Steam,3.8.23.7
Steam,3.16.98.15
Steam,3.9.53.23
Viber RT,windows store app
Adobe Reader,2015.017.20050
AVG AntiVirus FREE,2017
Viber,9.3.0
MediaMonkey RT,windows store app
Viber,9.4.0
VLC Media Player,2.2.2
Omniscope,2019.2 b20488
VLC Media Player,3.0.7
VLC Media Player RT,windows store app
Omniscope,2019.2 b20490
Omniscope,2019.2 b20500
Omniscope,2019.2 b20498
Omniscope,2019.2 b20510
Omniscope,2019.2 b20512
Omniscope,2019.2 b20518
Omniscope,2019.2 b20519
Omniscope,2019.2 b20516
Omniscope,2019.2 b20522
Omniscope,2019.2 b20523
Omniscope,2019.2 b20525
Omniscope,2019.2 b20529
Omniscope,2019.2 b20526
Omniscope,2019.2 b20530
Omniscope,2019.2 b20539
Omniscope,2019.2 b20545
Omniscope,2019.2 b20547
Omniscope,2019.2 b20549
Omniscope,2019.2 b20551
Omniscope,2019.2 b20552
Omniscope,2019.2 b20550
Omniscope,2019.2 b20553
Omniscope,2019.2 b20555
Omniscope,2019.2 b20557
Omniscope,2019.2 b20558
Omniscope,2019.2 b20559
Omniscope,2019.2 b20561
Omniscope,2019.2 b20563
Omniscope,2019.2 b20568
Omniscope,2019.2 b20570
Omniscope,2019.3 b20566
Omniscope,2019.3 b20573
Omniscope,2019.3 b20574
Omniscope,2019.3 b20576
Omniscope,2019.3 b20577
Omniscope,2019.3 b20578
Omniscope,2019.3 b20575
Omniscope,2019.3 b20581
Omniscope,2019.3 b20580
Omniscope,2019.3 b20584
Omniscope,2019.3 b20590
Omniscope,2019.3 b20591
Omniscope,2019.3 b20600
Omniscope,2019.3 b20601
Omniscope,2019.3 b20602
Omniscope,2019.3 b20603
Omniscope,2019.3 b20607
Omniscope,2019.3 b20610
Omniscope,2019.3 b20616
Omniscope,2019.3 b20608
Omniscope,2019.3 b20618
Omniscope,2019.3 b20619
Omniscope,2019.3 b20622
Omniscope,2019.3 b20623
Omniscope,2019.3 b20624
Omniscope,2019.3 b20627
Omniscope,2019.3 b20625
Omniscope,2019.3 b20630
Omniscope,2019.3 b20629
Omniscope,2019.3 b20631
Omniscope,2019.3 b20632
Omniscope,2019.3 b20634
Omniscope,2019.3 b20633
Omniscope,2019.3 b20635
Omniscope,2019.3 b20638
Omniscope,2019.3 b20639
Omniscope,2019.3 b20640
Omniscope,2019.3 b20643
Omniscope,2019.3 b20645
Omniscope,2019.3 b20649
Omniscope,2019.3 b20651
Omniscope,2019.3 b20662
AIMP,4.51 build 2080
Omniscope,2019.3 b20664
Omniscope,2019.3 b20666
Omniscope,2019.3 b20665
Omniscope,2019.3 b20667
Aiseesoft,9.0.12
Omniscope,2019.3 b20668
Omniscope,2019.3 b20670
Omniscope,2019.3 b20671
Aiseesoft,9.2.26
Omniscope,2019.3 b20672
Omniscope,2019.3 b20678
Omniscope,2019.3 b20679
Core Temp,1.12.1
Omniscope,2019.3 b20680
Omniscope,2019.3 b20681
Omniscope,2019.3 b20682
Omniscope,2019.3 b20684
Omniscope,2019.3 b20686
Omniscope,2019.3 b20687
Omniscope,2019.3 b20683
Omniscope,2019.3 b20688
Omniscope,2019.3 b20689
Omniscope,2019.3 b20690
Omniscope,2019.3 b20696
Omniscope,2019.3 b20697
Omniscope,2019.3 b20698
Omniscope,2019.4 b20702
Omniscope,2019.3 b20700
Omniscope,2019.4 b20703
Omniscope,2019.3 b20706
Omniscope,2019.4 b20707
Omniscope,2019.4 b20708
Omniscope,2019.4 b20711
Omniscope,2019.4 b20713
Omniscope,2019.4 b20712
Omniscope,2019.4 b20715
Omniscope,2019.4 b20719
Omniscope,2019.4 b20721
Omniscope,2019.4 b20731
Omniscope,2019.4 b20724
ALLPlayer,6.7.0
Omniscope,2019.4 b20732
Omniscope,2019.4 b20736
Omniscope,2019.4 b20734
Omniscope,2019.4 b20744
Omniscope,2019.4 b20745
Omniscope,2019.4 b20740
Omniscope,2019.4 b20747
ALLPlayer,8.2.0
Omniscope,2019.4 b20751
ALLBenchmark Catzilla,4
Omniscope,2019.4 b20752
Omniscope,2019.4 b20754
Omniscope,2019.4 b20758
Omniscope,2019.4 b20762
Omniscope,2019.4 b20765
Omniscope,2019.4 b20764
Omniscope,2019.4 b20769
Omniscope,2019.4 b20767
Omniscope,2019.4 b20773
Omniscope,2019.4 b20775
Omniscope,2019.4 b20779
Omniscope,2019.4 b20780
Omniscope,2019.4 b20781
Omniscope,2019.4 b20782
Omniscope,2019.4 b20785
Amazon Cloud Drive,5.5.0
VDownloader,4.5.2562
VDownloader,4.5.2737
Amazon RT,windows store app
Kindle for PC RT,windows store app
AMD Driver Autodetect,17.4.1
AMD Driver Autodetect,18.8.1
VMware Horizon Client,4.4.0
VMware Workstation,12
VMware Player,12.1.1
Radeon Software Adrenalin Edition Graphics Driver Installer for Windows 10,19.2.2
AMD Radeon Software Crimson Edition Display Driver for Windows 10,17.4.1
AMD Radeon Software Crimson Edition Display Driver for Windows 10,17.2.1
VMware Player,12.5.3
Amazon Music RT,windows store app
ProVide,12.16
ProVide,12.18
WizMouse,1.7.0.3
Any DVD Converter,5.8.8
Any DVD Converter,5.9.0
Any DVD Converter,6.2.5
WampServer,3.1.3
Any DVD Converter,5.9.4
WampServer,3.0.4
Emsisoft Anti-Malware,2018.7.2.8843
World of Tanks,1.4.0
World of Warships,0.8.1.1
World of Warships,0.8.4.0
World of Warships,0.9.0.0
World of Warships,0.8.6.0
SensiGuard,3.6
BS.Player,2.73
WhatsApp,0.3.33
WhatsApp,0.2.9737
CopyTrans Manager,1.118
WhatsApp,0.2.3572
Windward AutoTag,15.2.345.0
XAMPP,7.1.31
WinZip,22.0.12706
Wise Care 365,5.26
Wise Folder Hider,4.23
Wondershare Free YouTube Downloader,4.9.1
Wondershare Free YouTube Downloader,4.9.2
Wise Registry Cleaner,10.1.6
Wise JetSearch,3.01
Wise JetSearch,3.17
Wondershare Free YouTube Downloader,7.4.6
Wondershare Photo Recovery,3.1.1
Wondershare Video Converter Ultimate,11.6.0
Wondershare Video Converter Ultimate,9.0.1
Wondershare Video Converter Ultimate,8.5.7
WPS Office,10.1.0.5490
WordWeb RT,windows store app
WPS Office,10.2.0.7439
WPS Office,11.2.0.8291
Xamarin Studio,6
Magic Jigsaw Puzzles RT,windows store app
Magic Jigsaw Puzzles,windows store app
XnConvert,1.79
XnView,2.48
Tabbles,3.1.26
Tabbles,4.0.4
Tabbles,4.1.12
Tabbles,4.0.33
Tabbles,4.1.2
Tabbles,4.1.7
Tabbles,4.1.9
Zemana AntiLogger,2.70.2.442
Zoner Photo Studio,18.0.1.7
Zoner Photo Studio,19.1806.2.74
Zoner Photo Studio,18.0.1.8
Zoom Client for Meetings,4.3.46336.0213
Apache Tomcat,7.0.93
Apache Tomcat,7.0.90
Apache Tomcat,8.5.32
Apache Tomcat,8.5.38
Apache Tomcat,9.0.16
Aptana Studio,3.7.1
Avast Free Antivirus,2016
Avast Premier,2016
Aptana Studio,3.7.2
Avast Internet Security,2016
Avast Pro Antivirus,2016
iTunes,12.8.0
Bitdefender Antivirus Free Edition,1.0.21.250
Sandra Lite,2016 (22.20)
3CXPhone,15.5 update 5 build 15.5.13103.5
doPDF,8.5.940
ThinkVantage Power Manager,6.68.15
PostgreSQL,9.6.2
FreeCAD,0.16-pre
Despicable Me: Minion Rush RT,windows store app
Asphalt 8: Airborne RT,windows store app
Modern Combat 5: Blackout RT,windows store app
PostgreSQL,9.6.0 beta 3
PostgreSQL,9.6.0 beta 4
PostgreSQL,9.6.3
MariaDB,10.3.22
Mercurial,5.2.2
MacDrive Pro,10.5.4.9
Mercurial,5.3rc1
MacDrive Standard,10.5.4.9
MediaPortal,2.2.3
Medusa Pro,2.0.3
Miranda NG,0.95.11
Android NDK,r19b
Android NDK,r21
Android NDK,r11a
Python,3.7.0
Trac,1.2.3
Android NDK,r11b
HipChat,4.0.1626
HipChat,4.0.1625
HipChat,4.0.1629
HipChat,4.0.1632
Arcserve Unified Data Protection,7
Camtasia Studio,8.6.0 build 2079
League of Legends,9.9
Ashampoo 3D CAD Architecture,5.3.0
Handy Backup,8.1.1
Database Performance Analyzer,10.1
Dota 2,7.18
Origin,10.5.35.22222
Trac,1.0.11
Ashampoo 3D CAD Architecture,6.1.0
Ashampoo 3D CAD Architecture,7.0.0
InVEST,3.9.1
Ashampoo Anti-Virus,2019
Ashampoo Burning Studio FREE,1.20.2
Android Studio,3.3.2
Ashampoo Photo Commander,14.0.2
Ashampoo Photo Optimizer,6.0.17
Ashampoo Photo Optimizer,6.0.20
Ashampoo Photo Optimizer,7.03
Ashampoo Photo Optimizer,7.0.3
HipChat,4.0.1630
Ashampoo Snap,10.0.8
Atom,1.15.0
Atom,1.16.0-beta0
Tunebite,2019
Auslogics BoostSpeed,10.0.23.0
Audiobooks from Audible RT,windows store app
Auslogics Disk Defrag,6.1.2.0
Auslogics BoostSpeed,8.1.2.0
Auslogics Duplicate File Finder,7.0.23.0
Delphi,10 seattle
Delphi,10.1 berlin
Delphi,xe8
Delphi,11
3ds Max JP,22
Canopy Express,2.1.9
Auslogics Registry Cleaner,7.0.23.0
AutoCAD JP,23.1.47
AutoCAD JP,2020
Maya JP,19
Fusion 360,2.0.5508
Fusion 360,2.0.5511
Fusion 360,2.0.5811
Fusion 360,2.0.5818
Fusion 360,2.0.5824
Fusion 360,2.0.6026
Fusion 360,2.0.6440
Fusion 360,2.0.6508
Fusion 360,2.0.6503
Fusion 360,2.0.6613
Fusion 360,2.0.6668
IDrive,6.7.3.0
Maya,2020
Omniscope,2.9
VMware Workstation,12.5.3
ImageMagick,7.0.9-11
ImageMagick,7.0.9-12
ImageMagick,7.0.9-13
ImageMagick,7.0.9-14
ImageMagick,7.0.9-16
ImageMagick,7.0.9-20
ImageMagick,7.0.9-19
ImageMagick,7.0.9-22
ImageMagick,7.0.9-23
Avast Cleanup,18.1.5273.0
Avast Free Antivirus,2017
Avast Pro Antivirus,2017
Canopy Express,1.7.0
Avast Internet Security,2017
Avast Free Antivirus,2019
ImageMagick,7.0.9-15
Avast Premier,2017
ImageMagick,7.0.9-17
ImageMagick,7.0.9-18
AVG AntiVirus FREE,2016
AVG AntiVirus FREE,2018
AVG PC TuneUp,2016
CLion,2020.1 build 201.4515.29
CLion,2020.1 build 201.4865.10
pencil,3.0.2
Avira Exchange Security,12.0.2.2775
Avira Endpoint Security,2.7.0.0
IntelliJ IDEA Ultimate,2019.3.1
IntelliJ IDEA Ultimate,2019.3.2
Avira Free Antivirus,2016
IntelliJ IDEA Ultimate,2019.3.3
Avira Free Antivirus,2017
PhpStorm,2020.1 build 201.4865.19
PhpStorm,2020.1 build 201.4515.32
Avira Management Console,2.7.0.4
Avira Free Antivirus,2018
PhpStorm,2020.1 build 201.5259.18
Avira Update Manager,2.7.0.2
Paltalk,1.11.60.2439
Paltalk,1.12.73.2857
ZinjaI,20160221
BackupDuty,1.0.0.634
Bandicam,4.1.6.1423
Bandicam,4.3.3.1498
Bandicam,4.3.4.1503
Bandizip,6.02
Bandicam,4.3.2.1496
PhraseExpress,14.0.129
NetDrive,3.5.434
NetDrive,3.6.498
NetDrive,3.6.502
NetDrive,3.6.503
NetDrive,3.6.510
Belarc Advisor,8.6.2.0
Bethesda.net Launcher,1.37.3
Bethesda.net Launcher,1.37.8
BigAnt Office Messenger,5.2.54
Bitcasa,1.1.6.18
Bitdefender Antivirus Free Edition,1.0.12.41
Bitdefender Antivirus Free Edition,1.0.5.10
Bitdefender Antivirus Free Edition,1.0.5.15
Bitdefender Antivirus Free Edition,1.0.5.12
Bitdefender Antivirus Free Edition,1.0.6.12
Git for Windows,2.21.0
Bitdefender Internet Security,2019
Bitdefender Internet Security,2016
BlackBerry Blend,1.2.0.52
DaVinci Resolve,14.3
DaVinci Resolve,16 beta
DaVinci Resolve,16.1 beta
Battle.net App,1.16.0.2931
BlueStacks,2.0.4.5627
BlueStacks,2.1.1.5648
BlueStacks,2.2.17.6203
BlueStacks,2.2.20.6211
BlueStacks,2.2.19.6015
BlueStacks,2.1.3.5650
BlueStacks,2.6.100.6363
BlueStacks,2.5.97.6358
BlueStacks,2.6.106.7903
BlueStacks,2.6.108.8112
BlueStacks,2.7.307.8213
BlueStacks,4.50.5.1003
BlueStacks,4.70.0.1102
BulletProof FTP Client,2010.75.0.76
BullGuard Antivirus,18.1.351.3
Box RT,windows store app
BurnAware,11.5
BurnAware,12
cacaoweb,2015
Cafu Engine,12.05
Caesium,1.7.0
CBS RT,windows store app
TestDisk,7.1
ZoneAlarm Internet Security,2016
ZoneAlarm Extreme Security,2015
ZoneAlarm Extreme Security,2016
ZoneAlarm Free Antivirus + Firewall,2016
ZoneAlarm Free Firewall,2016
ZoneAlarm Extreme Security,2017
ZoneAlarm Free Firewall,2017
Chief Architect,x7
Chief Architect,x6
Chief Architect,x9
Cisco Spark,1.0.0.3642
Chief Architect,x8
Cisco Spark,1.0.0.3659
Cisco Spark,1.0.0.3784
XenServer,7.5
CmisSync,2.10.0.0
Cisco Spark,1.0.0.3685
CmisSync,2.7.7.0
TeraCopy,3.2.6
K-Lite Codec Pack Basic,14.7.5
K-Lite Codec Pack Full,14.3.0
K-Lite Codec Pack Full,14.3.6
K-Lite Codec Pack Full,14.7.0
K-Lite Codec Pack Standard,14.7.0
K-Lite Codec Pack Standard,14.7.5
K-Lite Codec Pack Mega,14.3.0
Tonido RT,windows store app
Tonido,14.90.0.34030
Sysax Multi Server,6.8
Comodo Internet Security,8.2
Comodo Firewall,8.2
Comodo Firewall,10
Comodo Internet Security,10
PowerArchiver,18.00.58
Anaconda,2-2019.03
Comodo Internet Security,11
Anaconda,2-2019.07
Anaconda,2-2019.10
CorelDRAW Graphics Suite,2019
CorelDRAW Technical Suite,2019
VideoStudio Pro,x10
VideoStudio Pro,2019
VideoStudio Pro,x10.0
AudioDirector,7
Media Suite,15
CUBRID,10.1.1
YouCam,7
PhotoDirector,8
YouCam RT,windows store app
PhotoDirector,7
PhotoDirector RT,windows store app
PowerDirector 17 Essential RT,windows store app
Power2Go,10
CyberScrub Privacy Suite,6
Cygwin,2.3.0
Cygwin,2.10.0
Cygwin,2.4.0
Cygwin,2.4.1
Cygwin,2.5.0
Cygwin,2.5.2
Cygwin,2.7.0
Cygwin,3.0.4-1
Cygwin,3.0.0-1
Cygwin,3.0.5-1
Cryptainer LE,12.0.0.1
Cygwin,3.1.1
Daum PotPlayer,1.7.46100
SupportAssist Agent,1.0.2
dbForge Studio for MySQL Express,8.2.21
dbForge Studio for MySQL Professional,8.2.21
dbForge Studio for MySQL Standard,8.2.21
dotConnect for MySQL,8.4.592
dotConnect for MySQL,8.4.602
dotConnect for MySQL,8.4.616
Ahnenblatt,2.99g
Docker Community Edition for Windows,18.06.0-ce-win70
Docker Community Edition for Windows,18.06.0-ce-win72
Docker Community Edition for Windows,2.1.0.0
Docker Community Edition for Windows,2.1.0.3
Docker Community Edition for Windows,2.1.0.4
Docker Community Edition for Windows,2.1.0.5
DocuSign RT,windows store app
Dolby Access RT,windows store app
Dolby Axon,1.5.1.1
Driver Genius,19.0.0.139
DriveOnWeb,14.1.1.0
Dropbox RT,windows store app
dropbox,26.4.24
Dropbox,19.4.13
Dropbox,3.13.51
Dropbox,3.13.52
Dropbox,3.19.32
Dropbox,3.16.0
Dropbox,3.19.33
Dropbox,3.19.35
Dropbox,53.4.66
Dropbox,54.3.85
Dropbox,54.3.86
Dropbox,55.3.168
Dropbox,55.3.167
Dropbox,56.3.83
Dropbox,66.4.84
Dropbox,67.3.77
Free Audio CD Burner,2.0.50.323
Dropbox,67.4.83
Free Audio CD Burner,2.0.73.823
Free Audio CD Burner,2.0.53.505
Free Studio,6.6.42.703
Free Studio,6.6.31.119
Free Studio,6.6.33.213
Free YouTube Download,4.1.39.329
Free YouTube Download,4.1.40.331
Free YouTube Download,4.1.42.418
Free YouTube Download,4.1.45.418
Free YouTube to MP3 Converter,4.1.45.418
Free YouTube Download,4.1.7.426
Free YouTube Download,4.1.90.124
Free YouTube to MP3 Converter,4.1.34.126
Free YouTube to MP3 Converter,4.1.42.329
Free YouTube to MP3 Converter,4.1.43.331
free youtube to mp3 converter,4.1.50.525
EaseUS Partition Master Free,11
Free YouTube to MP3 Converter,4.1.7.426
Elasticsearch,6.5.1
EaseUS Partition Master Free,11.1
Elasticsearch,6.7.0
Elasticsearch,6.7.1
Elasticsearch,6.8.0
Elasticsearch,6.8.1
Elasticsearch,6.7.2
ElephantDrive,5.8.14
Emsisoft Anti-Malware,11.0.0.6131
Emsisoft Anti-Malware,11.6.0.6267
Emsisoft Anti-Malware,11.5.0.6191
Emsisoft Anti-Malware,11.6.1.6315
Emsisoft Anti-Malware,11.5.1.6247
Emsisoft Anti-Malware,12.2.0.7060
Emsisoft Anti-Malware,2017.1.0.7138
Emsisoft Anti-Malware,2017.2.1.7260
Emsisoft Anti-Malware,2017.1.1.7166
Emsisoft Anti-Malware,2017.3.0.7336
Emsisoft Anti-Malware,2017.3.1.7353
Emsisoft Anti-Malware,2019.2.0.9269
Emsisoft Anti-Malware,2019.1.1.9207
Endeavour Agile ALM,1.25
Iperius Backup,5.8.1
Epic Games Launcher,9.7.0
ESET NOD32 Antivirus,10.0.386
Fortnite,10.20.0
ESET Internet Security,10.6.201.0
ESET NOD32 Antivirus,11.1.54.0
ESET NOD32 Antivirus,10.0.390
ESET Smart Security,10.0.386.0
ESET NOD32 Antivirus,9.0.327.0
ESET Smart Security,10.0.390.0
ESET NOD32 Antivirus,9.0.318.0
ESET NOD32 Antivirus,9.0.375.0
ESET NOD32 Antivirus,9.0.349.0
ESET Smart Security,9.0.318.0
ESET Smart Security,9.0.349.0
ESET Smart Security,9.0.375.0
ESET Smart Security,9.0.377.0
ESET NOD32 Antivirus,9.0.377.0
ESET NOD32 Antivirus,9.0.381.0
ESET NOD32 Antivirus,9.0.386.0
ESET Smart Security,9.0.381.0
ALSong,3.42
ESET Smart Security,9.0.386.0
Eusing Free Registry Cleaner,4.3
Mindomo Desktop,9.0.20
Evernote RT,windows store app
Facebook Messenger RT,windows store app
Facebook RT,windows store app
Far Manager,3.0 build 4510
Far Manager,3.0 build 4535
Deep Freeze Standard,8.53.020.5458
DVDFab,10.1.0.0
DVDFab,10.2.0.1
DVDFab,10.2.0.2
PyPy,7.0.0
DVDFab,10.2.0.6
DVDFab,10.2.0.7
DVDFab,11.0.1.7
DVDFab,11.0.1.8
DVDFab,11.0.1.5
PyPy3,6.0.0
PyPy3,7.0.0
QGIS,3.10.2
DVDFab,9.2.3.3
DVDFab,9.2.3.5
DVDFab,9.2.3.7
DVDFab,9.2.3.9
Beyond Sync,7.0.32.1238
FFMpeg,20180702-3c4af57
FFMpeg,20180704-3b10bb8
ffmpeg x64,20170503-a75f15
FFMpeg,20180706-cced03d
FFMpeg,20180708-3a2d21b
FFMpeg,20180711-09628cb
FFMpeg,20180711-bd8a5c6
FFMpeg,20180719-9cb3d8f
FFMpeg,20180713-97d766f
FFMpeg,20180720-3870ed7
FFMpeg,20180723-0bb5cd8
FFMpeg,20180721-3735d55
FFMpeg,20180723-d134b8d
FFMpeg,20180728-eb94ec3
FFMpeg,20180726-bce4da8
FFMpeg,20180730-a9a4335
FFMpeg,20180802-c9118d4
FFMpeg,20180806-076b196
FFMpeg,20180808-af4c2ac
FFMpeg,20190202-6dc06e9
FFMpeg,20180813-551a029
FFMpeg,20190202-b429c86
FFMpeg,20180809-eb1860e
FFMpeg,20190131-ed20fbc
FFMpeg,20190205-8522d21
FFMpeg,20190207-2b8458f
FFMpeg,20190210-d20902f
FFMpeg,20190211-6174686
FFMpeg,20190213-dbfd042
FFMpeg,20190214-f1f66df
FFMpeg,20190217-9326117
FFMpeg,20190220-7e4d3db
FFMpeg,20190222-c679119
FFMpeg,20190223-fc32e08
FFMpeg,20190219-ff03418
FFMpeg,20190225-2e67f75
FFMpeg,20190301-3b23eb2
FFMpeg,20190303-73b62f3
FFMpeg,20190304-db33283
FFMpeg,20190522-8f6e651
FFMpeg,2.8.5 git-9a09952
FFMpeg,20180706-a231755
FFMpeg,20180712-3ce4034
FFMpeg,20180803-476fd6b
FFMpeg,20180803-5aeb3b0
FFMpeg,20180804-1940c27
FFMpeg,20180809-e0539f0
FFMpeg,20180731-481741e
FFMpeg,20190131-1e03d60
FFMpeg,20190217-a9452fe
FFMpeg,20190303-4635f64
FFMpeg,20190310-1144d5c
FFMpeg,20190318-15d016b
FFMpeg,20190321-6dc1da4
FFMpeg,20190310-5ab44ff
FFMpeg,20190323-5252d59
FFMpeg,20190328-f8fa8bb
FFMpeg,20190329-9dece05
FFMpeg,20190407-ecdaa4b
FFMpeg,20190409-0a347ff
FFMpeg,20190503-6223d07
FFMpeg,20190522-ecc0965
FFMpeg,20190625-bb11584
FFMpeg,20190504-a5387f9
FFMpeg,20190505-e384f6f
FFMpeg,3.0.1 git-c5d2d3d
FFMpeg,20191214-24424a6
FileZilla,3.24.0 rc1
AIDA64 Engineer,5.70.3854
AIDA64 Extreme,5.70.3849
AIDA64 Extreme,5.70.3837
AIDA64 Extreme,5.70.3854
AIDA64 Extreme,5.60.3732
AIDA64 Extreme,5.80.4084
AIDA64 Extreme,5.99.4944
League of Legends,10.1
AIDA64 Engineer,5.99.4944
VSDC Free Video Editor,3.3.5
BestSync,15.0.0.1
Heroes of Newerth,4.8.1.3
Heroes of Newerth,4.8.2
SOS Online Backup,7.6
Python,3.5.3
SteelSeries Engine 3,3.17.0
Python,3.6.1
Sigil,0.9.1
Sigil,0.9.3
Sigil,0.9.5
Syncovery,8.61
SteelSeries Engine 3,3.17.4
Slack,4.33.73
LibreOffice,6.1.5
Spotify Music RT,1.1.68.632
LibreOffice,6.4.0
LibreOffice,5.1.0 rc 3
LibreOffice,5.1.0 rc 2
LibreOffice,5.1.0
LibreOffice,5.1.1 rc 1
VLC Media Player,2.2.1
LibreOffice,6.2.0
LibreOffice,6.1.0
Wondershare Video Converter Ultimate,10.3.0
Wondershare Free YouTube Downloader,10.4.3
Wondershare Video Converter Ultimate,10.3.1
GIMP,2.10.4
Omniscope,2020.1 b20792
Dota 2,7.24
Deep Security Agent,12
Omniscope,2020.1 b20793
Omniscope,2020.1 b20795
Omniscope,2020.1 b20797
Omniscope,2020.1 b20799
Omniscope,2020.1 b20802
Omniscope,2020.1 b20808
Omniscope,2020.1 b20809
Omniscope,2020.1 b20813
Omniscope,2020.1 b20811
Omniscope,2020.1 b20816
Omniscope,2020.1 b20822
Omniscope,2020.1 b20825
Omniscope,2020.1 b20835
Omniscope,2020.1 b20838
Omniscope,2020.1 b20832
Omniscope,2020.1 b20841
Omniscope,2020.1 b20845
Omniscope,2020.2 b20849
Omniscope,2020.2 b20852
Omniscope,2020.2 b20854
Microsoft Office,2007
Omniscope,2020.2 b20856
Wing FTP Server,6.2.3
